Region,County,0 - 4,5-9,10-14,15 - 19,20 - 24,25 - 29,30 - 34,35 - 39,40 - 44,45 - 49,50 - 54,55 - 59,60 - 64,65 - 69,70 - 74,75 - 79,80 - 84,85 - 89,90 & Over,1/2-Rm-HDB,3-Rm-HDB,4-Rm-HDB,5-Rm-HDB & EC,Condos,Landed Properties,Others,Total Pop,Latitude,Longitude,Kids,Youth,Working,Elderly
Ang Mo Kio,Ang Mo Kio Town Centre,170,240,310,310,280,280,280,320,420,470,350,350,280,260,210,140,80,40,20,0,420,630,1830,1900,0,30,4810,1.3731,103.8467,720,590,2750,750
Ang Mo Kio,Cheng San,1060,1000,1070,1210,1370,1800,2000,2210,2040,2230,2080,2160,2200,2140,1560,1020,590,310,160,950,13390,8800,4930,0,0,140,28210,1.3729,103.854,3130,2580,16720,5780
Ang Mo Kio,Chong Boon,860,880,1040,1140,1350,1610,1920,1820,1890,1830,1980,2140,2160,2070,1670,1180,730,390,180,1580,12370,8620,3770,0,0,500,26840,1.3628,103.856,2780,2490,15350,6220
Ang Mo Kio,Kebun Bahru,730,840,1030,1080,1160,1430,1390,1530,1670,1840,1800,1780,1740,1710,1300,890,590,310,150,1690,10430,5720,2170,1580,1140,240,22970,1.373,103.8392,2600,2240,13180,4950
Ang Mo Kio,Sembawang Hills,210,290,410,470,540,520,320,300,400,550,540,560,480,420,310,240,150,100,50,0,0,0,0,250,6510,100,6860,1.3743,103.8298,910,1010,3670,1270
Ang Mo Kio,Shangri-La,550,570,670,710,870,1030,1030,1020,1070,1180,1280,1410,1250,1140,900,660,410,240,120,2740,6150,5150,1730,0,280,60,16110,1.3679,103.838,1790,1580,9270,3470
Ang Mo Kio,Tagore,230,320,430,480,570,700,490,360,460,610,600,710,710,510,330,220,180,100,60,0,0,0,0,2530,5370,170,8070,1.386,103.8293,980,1050,4640,1400
Ang Mo Kio,Townsville,740,900,920,830,930,1350,1370,1520,1710,1550,1390,1610,1680,1590,1290,960,620,330,170,1400,6530,9600,3840,0,0,90,21460,1.3646,103.8477,2560,1760,12180,4960
Ang Mo Kio,Yio Chu Kang,0,0,0,0,0,0,0,0,0,0,0,0,0,0,0,0,0,0,0,0,0,0,0,0,0,0,0,1.3844,103.846,0,0,0,0
Ang Mo Kio,Yio Chu Kang East,160,170,230,260,320,330,240,240,250,330,290,360,360,260,180,110,80,30,30,0,0,0,0,1830,2290,110,4230,1.384,103.8537,560,580,2400,690
Ang Mo Kio,Yio Chu Kang North,0,0,0,0,0,0,0,0,0,0,0,0,0,0,0,0,0,0,0,0,0,0,0,0,0,0,0,1.3926,103.8472,0,0,0,0
Ang Mo Kio,Yio Chu Kang West,750,980,1270,1410,1470,1530,1430,1580,1790,1970,1860,1990,1940,1860,1200,700,430,240,90,2750,7430,4900,3180,5730,440,60,24490,1.3824,103.8399,3000,2880,14090,4520
Bedok,Bayshore,330,460,480,410,350,330,310,580,800,860,640,500,390,340,240,130,90,40,60,0,0,0,0,6790,410,140,7340,1.3141,103.9477,1270,760,4410,900
Bedok,Bedok North,2790,3130,3560,4260,4880,5730,5110,5340,5790,6010,6380,7040,6520,5930,4370,2630,1630,950,470,4670,31350,25490,10770,5390,4410,440,82520,1.3297,103.9371,9480,9140,47920,15980
Bedok,Bedok Reservoir,1130,1270,1490,1520,1520,1610,1880,1940,2120,2120,1930,1880,1830,1470,890,510,300,170,80,0,2920,8430,6280,7900,50,80,25660,1.3406,103.9264,3890,3040,15310,3420
Bedok,Bedok South,1470,1830,2180,2430,2850,3290,2860,2820,3150,3510,3580,3830,3750,3360,2570,1690,1210,660,380,1580,8110,11840,6850,7070,11530,440,47420,1.3223,103.9458,5480,5280,26790,9870
Bedok,Frankel,1480,2030,2080,1730,1890,2060,1950,2490,2980,3130,2490,2260,2080,1940,1430,880,710,440,280,0,0,0,0,14940,18820,570,34330,1.315,103.9197,5590,3620,19440,5680
Bedok,Kaki Bukit,1210,1280,1640,2060,2680,3300,2760,2270,2320,2510,2610,3480,3450,2620,1690,870,530,230,180,480,6020,14850,14660,810,730,140,37690,1.3356,103.9083,4130,4740,22700,6120
Bedok,Kembangan,1450,1390,1560,1850,2130,2780,2730,2520,2390,2570,2720,3040,3280,2680,1950,1260,840,520,320,3310,7380,6320,6930,5000,8160,880,37980,1.325,103.9164,4400,3980,22030,7570
Bedok,Siglap,170,250,270,360,350,420,330,340,460,510,470,490,480,430,470,330,240,120,60,0,0,0,0,6430,0,120,6550,1.3066,103.9272,690,710,3500,1650
Bishan,Bishan East,860,1170,1330,1380,1570,2440,2040,1790,1920,2210,1920,2260,2420,2110,1340,860,550,280,160,270,1910,10780,12300,3020,0,330,28610,1.3521,103.8527,3360,2950,17000,5300
Bishan,Marymount,1070,1390,1620,1720,2170,2580,1730,1850,2070,2280,2320,2590,2340,1700,1110,670,400,220,140,0,0,13860,8890,4280,2850,90,29970,1.354,103.8447,4080,3890,17760,4240
Bishan,Upper Thomson,930,1270,1460,1620,1790,2040,1640,1630,1940,2350,2270,2370,2370,1930,1410,1000,710,460,240,920,3050,3980,4290,9350,7570,270,29430,1.3554,103.83,3660,3410,16610,5750
Boon Lay,Liu Fang,0,0,0,0,0,0,0,0,0,0,0,0,0,0,0,0,0,0,0,0,0,0,0,0,0,0,0,1.3188,103.7083,0,0,0,0
Boon Lay,Samulun,0,0,0,0,0,0,0,0,0,0,0,0,0,0,0,0,0,0,0,0,0,0,0,0,0,0,0,1.3074,103.7029,0,0,0,0
Boon Lay,Shipyard,0,0,0,0,0,0,0,0,0,0,0,0,0,0,0,0,0,0,0,0,0,0,0,0,0,0,0,1.3072,103.6886,0,0,0,0
Boon Lay,Tukang,0,0,0,0,0,0,0,0,0,0,0,0,0,0,0,0,0,0,0,0,0,0,0,0,0,0,0,1.3267,103.708,0,0,0,0
Bukit Batok,Brickworks,1820,850,650,580,480,2190,2500,1230,1160,990,790,610,450,320,200,120,60,40,10,2970,1970,6120,3990,0,0,0,15050,1.3563,103.7421,3320,1060,9920,750
Bukit Batok,Bukit Batok Central,1260,1260,1390,1510,1550,2030,2350,1930,1870,2000,2040,2050,2100,1650,1020,590,380,190,110,1340,3870,12290,8310,1410,0,60,27280,1.3482,103.75,3910,3060,16370,3940
Bukit Batok,Bukit Batok East,320,350,600,640,840,980,850,830,840,950,1020,1210,1250,940,570,280,190,110,50,0,5710,4920,2060,0,0,130,12820,1.3487,103.7578,1270,1480,7930,2140
Bukit Batok,Bukit Batok South,700,710,750,900,1180,1170,1280,1110,940,1090,1200,1300,1190,710,370,170,120,60,30,0,390,6450,6260,1180,670,30,14980,1.3396,103.7585,2160,2080,9280,1460
Bukit Batok,Bukit Batok West,660,620,740,840,940,1020,1230,1080,1050,1070,1100,1230,1200,990,550,320,200,120,70,0,5160,5990,3830,0,0,50,15030,1.3479,103.7414,2020,1780,8980,2250
Bukit Batok,Gombak,370,540,560,570,650,700,600,770,900,780,730,710,630,530,380,240,180,90,50,0,0,3680,2550,700,2990,60,9980,1.3692,103.7566,1470,1220,5820,1470
Bukit Batok,Guilin,450,550,730,750,850,870,860,930,1000,1150,1140,1060,900,700,420,280,190,110,70,0,3290,2220,2220,5050,0,230,13010,1.3566,103.7542,1730,1600,7910,1770
Bukit Batok,Hillview,580,750,1050,1430,1590,1390,1030,1030,1270,1680,1910,1760,1350,1000,570,350,180,120,60,0,0,0,0,16760,2200,140,19100,1.3564,103.7635,2380,3020,11420,2280
Bukit Batok,Hong Kah North,910,990,1270,1570,1740,2140,1780,1710,1700,1940,2090,2450,2460,1640,950,560,300,160,80,760,7550,12600,4070,1250,0,210,26440,1.3624,103.747,3170,3310,16270,3690
Bukit Merah,Alexandra Hill,390,450,600,670,800,920,800,760,780,930,1020,1150,1140,1090,830,560,400,240,170,3900,2530,3770,3080,0,0,420,13700,1.2877,103.8096,1440,1470,7500,3290
Bukit Merah,Alexandra North,150,150,130,80,80,110,190,280,260,230,150,110,80,50,40,20,10,0,0,0,0,0,0,2120,0,0,2120,1.2925,103.8195,430,160,1410,120
Bukit Merah,Bukit Ho Swee,510,610,540,560,630,860,970,1040,980,1020,1020,1170,1300,1110,880,660,460,280,170,3660,5400,3200,1880,540,0,90,14770,1.2893,103.8304,1660,1190,8360,3560
Bukit Merah,Bukit Merah,30,40,50,60,70,60,70,70,60,90,80,80,80,100,70,50,30,10,10,0,150,10,910,0,0,40,1110,1.282,103.8194,120,130,590,270
Bukit Merah,City Terminals,0,0,0,0,0,0,0,0,0,0,0,0,0,0,0,0,0,0,0,0,0,0,0,0,0,0,0,1.2647,103.8496,0,0,0,0
Bukit Merah,Depot Road,370,390,350,290,300,310,500,550,680,580,440,370,350,350,280,190,110,60,30,150,300,2060,2030,1940,0,20,6500,1.2821,103.8109,1110,590,3780,1020
Bukit Merah,Everton Park,250,290,330,330,340,470,480,560,660,660,580,530,620,610,470,330,250,120,80,460,1630,2050,3210,360,180,70,7960,1.2761,103.8358,870,670,4560,1860
Bukit Merah,Henderson Hill,450,460,510,560,640,850,880,770,800,920,1030,1080,1080,980,820,630,470,260,130,3870,4220,3780,1240,180,0,30,13320,1.2865,103.8223,1420,1200,7410,3290
Bukit Merah,Kampong Tiong Bahru,240,260,370,370,460,560,500,480,580,680,730,730,840,800,600,450,330,150,90,2030,4050,1820,1150,0,0,170,9220,1.2784,103.8272,870,830,5100,2420
Bukit Merah,Maritime Square,180,210,190,160,90,140,170,350,400,360,280,240,180,140,100,80,60,40,50,0,0,0,0,2940,80,400,3420,1.2685,103.8124,580,250,2120,470
Bukit Merah,Redhill,510,720,610,490,490,650,650,810,1080,920,760,740,600,500,400,270,230,120,130,1970,430,3060,3210,1900,0,110,10680,1.2877,103.8172,1840,980,6210,1650
Bukit Merah,Singapore General Hospital,0,0,0,0,0,0,0,0,0,0,0,0,0,0,0,0,0,0,0,0,0,0,0,0,0,0,0,1.2797,103.8345,0,0,0,0
Bukit Merah,Telok Blangah Drive,1090,820,770,730,730,1200,1990,1660,1460,1380,1230,1220,1200,1180,980,690,460,230,120,1570,5230,8240,3510,510,10,70,19140,1.2764,103.809,2680,1460,11340,3660
Bukit Merah,Telok Blangah Rise,340,400,430,530,620,750,640,750,890,940,840,920,1050,1120,900,590,340,180,90,800,4020,5330,1170,770,170,60,12320,1.2743,103.8241,1170,1150,6780,3220
Bukit Merah,Telok Blangah Way,260,410,380,360,430,500,470,570,730,790,700,780,810,740,570,420,300,170,110,1880,4430,1610,1510,0,0,70,9500,1.2775,103.8207,1050,790,5350,2310
Bukit Merah,Tiong Bahru,750,670,540,450,420,740,1120,1190,1220,980,790,770,820,800,640,470,310,170,150,400,2780,6350,2700,650,10,110,13000,1.2832,103.8324,1960,870,7630,2540
Bukit Merah,Tiong Bahru Station,610,760,830,700,690,1070,1000,1160,1250,1280,1110,1090,1030,770,700,540,420,220,120,1620,710,7020,4680,1280,0,40,15350,1.284,103.8271,2200,1390,8990,2770
Bukit Panjang,Bangkit,650,760,1010,1230,1660,1940,1430,1260,1370,1580,1870,2240,1950,1380,870,610,370,210,100,0,2880,11990,5370,2240,0,10,22490,1.377,103.7742,2420,2890,13640,3540
Bukit Panjang,Dairy Farm,290,360,450,510,460,490,450,450,570,610,520,540,420,280,180,90,60,40,20,0,0,0,0,4760,2010,20,6790,1.3689,103.7719,1100,970,4050,670
Bukit Panjang,Fajar,1660,1720,1640,1640,1770,2190,2450,2310,1950,2000,1930,2130,1790,1260,780,480,280,140,70,550,2070,13800,11740,0,0,30,28190,1.384,103.7704,5020,3410,16750,3010
Bukit Panjang,Jelebu,920,1170,1530,1990,2520,2720,2080,1750,1970,2460,2710,2890,2610,1780,1100,610,440,190,110,0,3840,9860,10740,6460,640,10,31550,1.3754,103.7666,3620,4510,19190,4230
Bukit Panjang,Nature Reserve,160,160,240,250,290,260,210,230,260,360,340,330,260,190,120,70,50,20,10,0,0,0,0,3240,540,30,3810,1.3536,103.7785,560,540,2250,460
Bukit Panjang,Saujana,1690,1590,1520,1570,1730,1780,2390,2260,1860,1890,1720,1930,1790,1130,600,290,180,130,70,280,740,10590,12450,2050,0,10,26120,1.3856,103.7661,4800,3300,15620,2400
Bukit Panjang,Senja,1310,1420,1260,1290,1130,1190,1720,1960,1620,1690,1340,1290,1150,850,530,300,170,110,70,1630,600,9800,8270,0,0,100,20400,1.3852,103.7602,3990,2420,11960,2030
Bukit Timah,Anak Bukit,730,1110,1250,1300,1520,1720,1330,1230,1450,1710,1620,1690,1730,1400,940,670,450,250,120,180,50,2060,3160,9010,7570,190,22220,1.3379,103.7717,3090,2820,12480,3830
Bukit Timah,Coronation Road,320,480,460,440,340,350,310,420,550,610,460,400,330,330,280,220,140,70,50,0,0,0,0,2240,4040,280,6560,1.3261,103.8004,1260,780,3430,1090
Bukit Timah,Farrer Court,310,500,400,380,280,330,340,500,540,620,440,380,310,290,220,150,120,70,40,0,850,490,300,3520,990,70,6220,1.3164,103.8043,1210,660,3460,890
Bukit Timah,Hillcrest,400,700,620,620,540,410,410,570,790,840,760,630,540,380,370,260,190,120,60,0,0,0,0,3820,5180,210,9210,1.3326,103.8074,1720,1160,4950,1380
Bukit Timah,Holland Road,450,770,830,770,640,520,480,620,960,1110,850,690,570,500,370,270,170,100,60,0,0,0,0,6420,4230,80,10730,1.3276,103.785,2050,1410,5800,1470
Bukit Timah,Leedon Park,320,310,390,360,380,340,350,420,470,610,560,430,370,360,340,170,110,60,50,0,0,0,0,2100,4270,30,6400,1.3161,103.7955,1020,740,3550,1090
Bukit Timah,Swiss Club,250,300,360,320,310,330,260,350,380,440,410,340,330,280,190,150,120,80,50,0,0,0,0,1770,3360,120,5250,1.3403,103.7922,910,630,2840,870
Bukit Timah,Ulu Pandan,390,620,670,620,660,680,560,560,820,940,840,790,750,710,580,310,230,110,60,0,0,0,0,7800,3070,30,10900,1.3156,103.7809,1680,1280,5940,2000
Central Water Catchment,Central Water Catchment,0,0,0,0,0,0,0,0,0,0,0,0,0,0,0,0,0,0,0,0,0,0,0,0,0,0,0,1.3761,103.8017,0,0,0,0
Changi,Changi Airport,0,0,0,0,0,0,0,0,0,0,0,0,0,0,0,0,0,0,0,0,0,0,0,0,0,0,0,1.3515,104.0025,0,0,0,0
Changi,Changi Point,10,20,20,30,30,30,20,20,30,40,60,60,60,40,30,20,0,0,0,0,360,0,10,0,90,60,520,1.3905,103.9821,50,60,320,90
Changi,Changi West,130,130,120,80,60,70,120,140,140,110,70,40,30,20,20,10,0,10,0,0,0,0,0,10,230,1060,1300,1.3653,103.9787,380,140,720,60
Changi Bay,Changi Bay,0,0,0,0,0,0,0,0,0,0,0,0,0,0,0,0,0,0,0,0,0,0,0,0,0,0,0,1.3378,104.0247,0,0,0,0
Choa Chu Kang,Choa Chu Kang Central,880,1070,1360,1520,1870,1870,1340,1480,1660,1860,2070,1920,1390,950,560,360,210,110,60,0,0,7990,5900,8640,0,10,22540,1.3842,103.7476,3310,3390,13590,2250
Choa Chu Kang,Choa Chu Kang North,920,1190,1790,2680,3650,2780,1660,1610,1690,2570,3590,3050,2140,1320,720,460,310,210,80,1510,550,9200,16440,2300,2220,200,32420,1.3917,103.7467,3900,6330,19090,3100
Choa Chu Kang,Keat Hong,3420,2390,1980,2080,2380,3520,4420,3200,2520,2380,2490,2160,1580,1060,610,330,240,150,50,1090,1850,16900,11270,5480,240,130,36960,1.3757,103.7478,7790,4460,22270,2440
Choa Chu Kang,Peng Siang,1590,1610,1680,2080,2610,2770,2700,2400,2200,2360,2740,2790,2220,1660,930,460,310,170,110,420,700,19800,12230,20,0,220,33390,1.3794,103.7367,4880,4690,20180,3640
Choa Chu Kang,Teck Whye,770,800,1060,1450,2050,2330,1570,1370,1310,1730,2100,2430,2000,1510,940,620,390,180,100,1770,3950,10680,8050,230,0,30,24710,1.3826,103.755,2630,3500,14840,3740
Choa Chu Kang,Yew Tee,1390,2070,2550,2960,3430,2950,2380,2870,3300,3680,3710,3290,2710,1650,860,540,310,170,90,0,0,15620,20610,4670,0,10,40910,1.4009,103.7478,6010,6390,24890,3620
Clementi,Clementi Central,500,620,680,660,710,890,810,980,1080,1190,950,1010,1000,1020,820,520,320,190,100,80,4580,5400,1360,1370,940,320,14050,1.3127,103.763,1800,1370,7910,2970
Clementi,Clementi North,1470,1240,1130,1220,1270,1640,2330,2430,2260,2150,1940,1940,1920,2100,1740,1110,740,370,220,1000,11590,11190,5080,0,0,360,29220,1.3181,103.7675,3840,2490,16610,6280
Clementi,Clementi West,540,650,760,790,820,870,840,1090,1270,1310,1200,1190,1230,1190,820,490,270,130,60,0,7240,3850,1150,2970,230,80,15520,1.302,103.7639,1950,1610,9000,2960
Clementi,Clementi Woods,690,690,760,780,810,890,1050,1190,1110,1150,1120,1180,1030,1070,910,530,350,170,90,1490,2820,5250,3090,2200,290,430,15570,1.3023,103.7682,2140,1590,8720,3120
Clementi,Faber,300,450,420,370,330,360,390,510,560,520,410,310,270,240,160,110,70,30,20,0,0,0,0,4250,1510,70,5830,1.3217,103.757,1170,700,3330,630
Clementi,Pandan,0,0,0,0,0,0,0,0,0,0,0,0,0,0,0,0,0,0,0,0,0,0,0,0,0,0,0,1.3081,103.7551,0,0,0,0
Clementi,Sunset Way,180,260,270,330,380,380,360,340,390,450,470,480,470,500,360,200,140,60,30,0,220,1110,1950,1830,910,30,6050,1.3258,103.7697,710,710,3340,1290
Clementi,Toh Tuck,0,0,0,0,0,0,0,0,0,0,0,0,0,0,0,0,0,0,0,0,0,0,0,0,0,0,0,1.3324,103.7569,0,0,0,0
Clementi,West Coast,280,430,510,410,340,330,270,430,600,650,500,380,320,300,230,130,80,30,20,0,0,0,0,4420,1820,0,6240,1.3163,103.755,1220,750,3480,790
Downtown Core,Anson,0,0,0,0,0,0,0,0,0,0,0,0,0,0,0,0,0,0,0,0,0,0,0,0,0,0,0,1.2741,103.8433,0,0,0,0
Downtown Core,Bayfront Subzone,0,0,0,0,0,0,0,0,0,0,0,0,0,0,0,0,0,0,0,0,0,0,0,0,0,0,0,1.2829,103.8582,0,0,0,0
Downtown Core,Bugis,10,30,20,30,50,50,60,80,70,80,70,60,60,70,60,30,30,10,20,0,0,640,0,180,0,70,890,1.2992,103.8568,60,80,530,220
Downtown Core,Cecil,10,10,10,0,10,20,40,50,30,20,20,10,10,0,0,0,0,0,0,0,0,0,0,220,0,20,240,1.2785,103.8486,30,10,200,0
Downtown Core,Central Subzone,40,30,20,30,20,50,60,100,100,110,70,50,40,30,20,10,0,0,0,0,0,0,0,760,0,20,780,1.276,103.8536,90,50,580,60
Downtown Core,City Hall,0,0,0,0,0,0,0,0,0,0,0,0,0,0,0,0,0,0,0,0,0,0,0,0,0,0,0,1.2928,103.8527,0,0,0,0
Downtown Core,Clifford Pier,0,0,0,0,0,0,0,0,0,0,0,0,0,0,0,0,0,0,0,0,0,0,0,0,0,0,0,1.2851,103.8548,0,0,0,0
Downtown Core,Marina Centre,0,0,0,0,0,0,0,0,0,0,0,0,0,0,0,0,0,0,0,0,0,0,0,0,0,0,0,1.2931,103.8602,0,0,0,0
Downtown Core,Maxwell,0,0,0,0,0,0,0,0,0,0,0,0,0,0,0,0,0,0,0,0,0,0,0,0,0,0,0,1.2792,103.846,0,0,0,0
Downtown Core,Phillip,0,0,0,0,0,0,0,0,0,0,0,0,0,0,0,0,0,0,0,0,0,0,0,0,0,0,0,1.2852,103.8488,0,0,0,0
Downtown Core,Raffles Place,0,0,0,0,0,0,0,0,0,0,0,0,0,0,0,0,0,0,0,0,0,0,0,0,0,0,0,1.2836,103.8511,0,0,0,0
Downtown Core,Tanjong Pagar,20,10,10,10,20,40,90,90,80,60,40,40,30,20,20,10,10,0,30,0,0,0,0,550,0,80,630,1.2762,103.8462,40,30,470,90
Geylang,Aljunied,1310,1530,1770,1730,1990,2840,2950,2970,3130,3220,2890,3180,3140,2550,1860,1260,920,560,360,2120,8960,9040,6400,11930,450,1260,40160,1.3137,103.8834,4610,3720,24320,7510
Geylang,Geylang East,1180,1340,1430,1450,1610,2070,2030,2230,2400,2310,2100,2170,2280,1950,1580,950,640,370,200,2040,6400,6830,3890,6530,4190,410,30290,1.3171,103.8987,3950,3060,17590,5690
Geylang,Kallang Way,0,0,0,0,0,0,0,0,0,0,0,0,0,0,0,0,0,0,0,0,0,0,0,0,0,0,0,1.3257,103.8759,0,0,0,0
Geylang,Kampong Ubi,410,460,550,630,800,1110,950,810,830,750,830,1090,1120,780,470,270,110,70,40,0,1000,8930,1990,0,0,160,12080,1.3304,103.8967,1420,1430,7490,1740
Geylang,Macpherson,1080,940,1160,1360,1580,1960,1990,1720,1690,1920,2270,2430,2240,1790,1210,990,740,410,230,4690,11330,6000,3030,720,1770,170,27710,1.3271,103.8852,3180,2940,16220,5370
Hougang,Defu Industrial Park,0,0,0,0,0,0,0,0,0,0,0,0,0,0,0,0,0,0,0,0,0,0,0,0,0,0,0,1.3505,103.8927,0,0,0,0
Hougang,Hougang Central,120,140,220,300,370,440,300,250,260,340,410,430,400,300,180,120,80,50,30,0,100,1430,2060,230,870,50,4740,1.3693,103.8912,480,670,2830,760
Hougang,Hougang East,1430,1200,1020,1140,1610,2100,2400,2150,1690,1600,1700,2120,1800,1330,810,470,260,140,80,0,1640,13530,7990,1890,0,0,25050,1.376,103.8973,3650,2750,15560,3090
Hougang,Hougang West,1250,1340,1740,2180,3150,4040,3250,2680,2610,3020,3520,4620,4370,3230,1950,1150,690,400,200,0,7970,25080,11840,0,0,500,45390,1.375,103.8888,4330,5330,28110,7620
Hougang,Kangkar,1770,1620,1510,1650,1660,2100,2750,2590,2420,2430,2230,2310,2140,1740,1120,760,530,230,120,1260,5930,9810,4590,9660,350,80,31680,1.371,103.899,4900,3310,18970,4500
Hougang,Kovan,850,1130,1300,1510,1690,1910,1590,1520,1760,2020,1830,1940,1900,1440,980,650,430,220,180,0,710,2250,1010,8730,11840,310,24850,1.3618,103.8801,3280,3200,14470,3900
Hougang,Lorong Ah Soo,960,1120,1470,1780,1980,2280,2130,2090,2220,2500,2470,2650,2740,2240,1630,1040,700,380,180,0,7870,9830,6900,3930,3770,260,32560,1.3584,103.888,3550,3760,19080,6170
Hougang,Lorong Halus,0,0,0,0,0,0,0,0,0,0,0,0,0,0,0,0,0,0,0,0,0,0,0,0,0,0,0,1.371,103.9049,0,0,0,0
Hougang,Tai Seng,440,600,700,780,1020,1000,840,810,850,1010,1090,1170,1160,930,580,450,330,200,110,1370,560,4600,2300,710,4140,390,14070,1.3431,103.8873,1740,1800,7930,2600
Hougang,Trafalgar,2080,2100,2440,2780,3300,3740,3380,3110,3400,3680,3960,4150,3640,2670,1610,900,550,310,150,2900,1820,19470,16850,2830,1370,2710,47950,1.3809,103.8822,6620,6080,29060,6190
Jurong East,International Business Park,0,0,0,0,0,0,0,0,0,0,0,0,0,0,0,0,0,0,0,0,0,0,0,0,0,0,0,1.3269,103.7478,0,0,0,0
Jurong East,Jurong Gateway,30,20,30,30,30,50,50,40,50,50,40,20,20,10,10,10,0,0,0,0,0,0,0,460,0,30,490,1.3326,103.7431,80,60,320,30
Jurong East,Jurong Port,0,0,0,0,0,0,0,0,0,0,0,0,0,0,0,0,0,0,0,0,0,0,0,0,0,0,0,1.306,103.723,0,0,0,0
Jurong East,Jurong River,0,0,0,0,0,0,0,0,0,0,0,0,0,0,0,0,0,0,0,0,0,0,0,0,0,0,0,1.3192,103.7282,0,0,0,0
Jurong East,Lakeside,20,20,30,20,30,50,70,50,60,70,60,60,80,90,70,60,30,10,10,0,0,0,0,820,0,70,890,1.334,103.731,70,50,500,270
Jurong East,Penjuru Crescent,0,0,0,0,0,0,0,0,0,0,0,0,0,0,0,0,0,0,0,0,0,0,0,0,0,0,0,1.3047,103.7351,0,0,0,0
Jurong East,Teban Gardens,840,870,890,990,1050,1170,1320,1400,1360,1330,1360,1380,1340,1440,1030,540,320,130,90,190,4870,8950,4790,0,0,50,18850,1.3154,103.7419,2600,2040,10660,3550
Jurong East,Toh Guan,430,540,700,930,1060,1270,1010,950,930,1160,1120,1350,1360,940,480,250,150,100,40,0,600,5390,8760,0,0,20,14770,1.3364,103.7457,1670,1990,9150,1960
Jurong East,Yuhua East,700,830,1070,1260,1470,1820,1700,1650,1680,1850,1820,1950,2210,1910,1340,760,450,280,140,0,8270,6640,7060,2650,0,270,24890,1.3395,103.7382,2600,2730,14680,4880
Jurong East,Yuhua West,620,720,920,1120,1270,1430,1310,1140,1290,1470,1520,1610,1640,1410,850,490,320,170,100,1750,3970,5010,5470,3040,0,160,19400,1.3475,103.7318,2260,2390,11410,3340
Jurong West,Boon Lay Place,1660,1710,1620,1760,1830,2030,2370,2460,2180,2280,2230,2120,1720,1480,970,610,340,170,80,3680,12990,5660,6140,1150,0,0,29620,1.3462,103.7108,4990,3590,17390,3650
Jurong West,Chin Bee,0,0,0,0,0,0,0,0,0,0,0,0,0,0,0,0,0,0,0,0,0,0,0,0,0,0,0,1.3354,103.7137,0,0,0,0
Jurong West,Hong Kah,1840,2220,2710,3140,3360,3890,3680,3760,3940,4210,4040,4100,4430,3730,2440,1350,720,360,170,810,12110,23810,13030,4190,0,140,54090,1.3495,103.7209,6770,6500,32050,8770
Jurong West,Jurong West Central,2760,3760,4380,4020,3750,4390,4850,5770,6340,5690,4560,4190,4080,2920,1630,780,470,210,120,50,610,24120,38680,1180,0,30,64670,1.3409,103.7025,10900,7770,39870,6130
Jurong West,Kian Teck,0,0,0,0,0,0,0,0,0,0,0,0,0,0,0,0,0,0,0,0,0,0,0,0,0,0,0,1.3337,103.6996,0,0,0,0
Jurong West,Safti,0,0,0,0,0,0,0,0,0,0,0,0,0,0,0,0,0,0,0,0,0,0,0,0,0,0,0,1.3359,103.6839,0,0,0,0
Jurong West,Taman Jurong,2100,2270,2240,2540,2680,2860,2940,3180,3080,3250,3190,2810,2410,1910,1150,690,370,230,90,2160,5250,13460,12180,6190,710,40,39990,1.3336,103.7215,6610,5220,23720,4440
Jurong West,Wenya,470,630,670,520,370,450,550,880,900,720,520,430,400,330,180,120,80,60,40,0,0,3140,4980,0,0,200,8320,1.3556,103.7078,1770,890,4850,810
Jurong West,Yunnan,2250,2950,3780,4680,5740,5960,4150,4580,4940,5170,5890,5690,4710,3530,2050,1070,590,270,190,1360,2250,30680,26000,3960,3600,340,68190,1.345,103.6949,8980,10420,41090,7700
Kallang,Bendemeer,1840,1710,1420,1390,1530,2360,3160,3220,2980,2720,2320,2500,2640,2430,1770,1300,860,470,350,1910,9150,13890,5780,4830,700,710,36970,1.3223,103.8621,4970,2920,21900,7180
Kallang,Boon Keng,470,440,410,520,570,790,890,860,800,890,900,920,960,850,650,480,310,210,110,980,2590,5340,2860,60,110,90,12030,1.315,103.8721,1320,1090,7010,2610
Kallang,Crawford,250,210,280,280,370,450,420,390,520,590,670,870,860,790,670,500,350,190,120,4300,2350,760,710,560,0,100,8780,1.3006,103.8641,740,650,4770,2620
Kallang,Geylang Bahru,310,350,490,570,650,690,680,690,820,970,960,1020,940,800,620,450,370,190,110,1140,7030,1400,2030,0,0,80,11680,1.3221,103.8707,1150,1220,6770,2540
Kallang,Kallang Bahru,0,0,0,0,0,0,0,0,0,0,0,0,0,0,0,0,0,0,0,0,0,0,0,0,0,0,0,1.3145,103.865,0,0,0,0
Kallang,Kampong Bugis,30,20,30,40,50,90,70,70,60,60,50,80,90,70,60,20,10,10,10,0,0,580,100,200,0,40,920,1.3082,103.8707,80,90,570,180
Kallang,Kampong Java,360,480,470,480,540,630,650,710,880,920,810,780,760,710,600,370,280,150,90,340,1780,3500,1570,2780,570,130,10670,1.3131,103.8494,1310,1020,6140,2200
Kallang,Lavender,350,380,430,420,420,600,610,680,740,810,690,790,710,650,490,320,220,110,90,2460,1150,1560,890,3000,30,420,9510,1.3114,103.8587,1160,840,5630,1880
Kallang,Tanjong Rhu,410,540,670,680,560,510,570,810,1080,1240,970,780,690,560,400,270,150,80,70,490,1880,390,860,7280,10,130,11040,1.3013,103.8769,1620,1240,6650,1530
Lim Chu Kang,Lim Chu Kang,10,10,10,10,10,0,0,0,10,10,10,20,10,10,10,0,0,0,0,0,0,0,0,0,0,130,130,1.431,103.7192,30,20,60,20
Mandai,Mandai East,0,0,0,0,0,0,0,0,0,0,0,0,0,0,0,0,0,0,0,0,0,0,0,0,0,0,0,1.4288,103.8126,0,0,0,0
Mandai,Mandai Estate,70,90,130,140,170,160,140,120,150,180,170,180,130,90,80,50,30,20,10,0,0,0,0,1290,740,80,2110,1.4266,103.8251,290,310,1230,280
Mandai,Mandai West,0,0,0,0,0,0,0,0,0,0,0,0,0,0,0,0,0,0,0,0,0,0,0,0,0,0,0,1.4181,103.7865,0,0,0,0
Marina East,Marina East,0,0,0,0,0,0,0,0,0,0,0,0,0,0,0,0,0,0,0,0,0,0,0,0,0,0,0,1.2882,103.8717,0,0,0,0
Marina South,Marina South,0,0,0,0,0,0,0,0,0,0,0,0,0,0,0,0,0,0,0,0,0,0,0,0,0,0,0,1.2808,103.866,0,0,0,0
Marine Parade,East Coast,0,0,0,0,0,0,0,0,0,0,0,0,0,0,0,0,0,0,0,0,0,0,0,0,0,0,0,1.2997,103.9088,0,0,0,0
Marine Parade,Katong,410,500,460,510,510,550,480,710,850,870,720,670,580,490,390,230,210,120,80,0,0,0,0,4900,4190,250,9340,1.3076,103.9021,1370,1020,5430,1520
Marine Parade,Marina East (Mp),0,0,0,0,0,0,0,0,0,0,0,0,0,0,0,0,0,0,0,0,0,0,0,0,0,0,0,1.2912,103.8832,0,0,0,0
Marine Parade,Marine Parade,1040,1380,1420,1310,1300,1330,1360,1770,2090,2360,2000,1880,1780,1570,1430,1170,910,490,290,3320,6240,4800,5360,6920,110,130,26880,1.3024,103.9062,3840,2610,14570,5860
Marine Parade,Mountbatten,430,530,570,570,590,620,600,690,850,920,760,790,650,580,450,240,190,120,70,0,0,0,0,5160,4980,80,10220,1.3025,103.8909,1530,1160,5880,1650
Museum,Bras Basah,0,0,0,0,0,0,0,0,0,0,0,0,0,0,0,0,0,0,0,0,0,0,0,0,0,0,0,1.2958,103.85,0,0,0,0
Museum,Dhoby Ghaut,10,10,10,10,10,20,40,40,40,30,20,10,10,10,10,0,0,0,0,0,0,0,0,260,0,20,280,1.2991,103.8453,30,20,210,20
Museum,Fort Canning,10,10,10,0,10,10,0,10,20,30,20,20,10,10,10,0,0,0,0,0,0,0,0,170,0,10,180,1.2937,103.8455,30,10,120,20
Newton,Cairnhill,190,260,210,160,180,190,240,310,360,410,310,260,220,200,160,80,60,50,30,0,0,0,0,3250,410,220,3880,1.3063,103.8373,660,340,2300,580
Newton,Goodwood Park,70,120,80,70,50,60,70,100,120,120,90,80,60,40,40,20,10,10,10,0,0,0,0,1070,120,30,1220,1.3132,103.8333,270,120,700,130
Newton,Istana Negara,0,0,0,0,0,0,0,0,0,0,0,0,0,0,0,0,0,0,0,0,0,0,0,0,0,0,0,1.305,103.8449,0,0,0,0
Newton,Monk's Hill,50,70,70,50,60,50,60,70,100,100,80,70,50,40,40,30,20,10,10,0,0,0,0,1000,10,20,1030,1.3071,103.8408,190,110,580,150
Newton,Newton Circus,10,20,10,10,10,10,20,20,30,30,30,20,10,10,10,0,0,0,0,0,0,0,0,210,20,20,250,1.3116,103.8389,40,20,170,20
Newton,Orange Grove,70,80,100,70,70,80,90,100,140,170,150,140,130,120,90,40,30,10,10,0,0,0,0,1660,10,20,1690,1.3101,103.8303,250,140,1000,300
North-Eastern Islands,North-Eastern Islands,0,0,0,0,0,0,0,0,0,0,0,0,0,0,0,0,0,0,0,0,0,0,0,0,0,0,0,1.4039,104.0561,0,0,0,0
Novena,Balestier,1280,1480,1480,1460,1640,2090,2340,2460,2600,2780,2450,2340,2220,1880,1500,1120,780,470,290,1770,7750,7690,4650,9580,580,640,32660,1.3245,103.8504,4240,3100,19280,6040
Novena,Dunearn,150,200,260,240,250,220,160,210,270,350,310,290,240,240,180,140,90,80,40,0,0,0,0,870,3010,40,3920,1.3266,103.8203,610,490,2050,770
Novena,Malcolm,150,240,190,170,150,120,150,160,250,260,200,210,160,170,140,80,60,40,40,0,0,0,0,740,2140,60,2940,1.3235,103.8341,580,320,1510,530
Novena,Moulmein,550,930,570,410,350,390,510,850,1100,950,600,470,380,330,250,160,120,70,40,0,0,170,0,7450,1310,100,9030,1.317,103.8419,2050,760,5250,970
Novena,Mount Pleasant,30,30,40,40,60,50,40,40,20,40,60,60,50,50,30,20,10,10,10,0,0,0,0,0,690,0,690,1.3337,103.8276,100,100,360,130
Orchard,Boulevard,20,20,20,20,10,20,30,40,40,40,30,30,40,40,20,20,10,10,0,0,0,0,0,360,0,100,460,1.3051,103.8311,60,30,270,100
Orchard,Somerset,10,10,0,10,10,0,10,20,10,10,20,10,10,0,10,10,0,0,0,0,0,0,0,120,0,30,150,1.3015,103.8391,20,20,90,20
Orchard,Tanglin,20,20,30,20,20,20,10,30,40,40,20,30,10,10,20,10,0,0,0,0,0,0,0,350,0,0,350,1.3049,103.8255,70,40,200,40
Outram,China Square,30,30,30,30,50,70,90,90,90,110,100,130,130,160,120,80,50,30,10,0,1290,0,70,50,0,20,1430,1.2843,103.847,90,80,810,450
Outram,Chinatown,490,620,510,330,370,580,660,960,1190,840,700,680,650,620,510,330,280,160,170,1010,2550,4580,1990,290,0,230,10650,1.2797,103.8422,1620,700,6260,2070
Outram,Pearl's Hill,180,210,230,210,270,300,280,290,310,440,470,620,680,630,520,380,290,140,160,4520,1090,260,20,430,0,290,6610,1.2854,103.8396,620,480,3390,2120
Outram,People's Park,10,0,0,10,10,30,40,40,20,30,20,20,20,30,10,10,10,0,0,0,0,0,0,300,0,10,310,1.2823,103.8412,10,20,220,60
Pasir Ris,Flora Drive,540,680,900,950,1040,1000,820,960,1330,1340,1260,1160,980,600,420,260,190,110,70,0,0,0,0,11030,3280,300,14610,1.3593,103.9658,2120,1990,8850,1650
Pasir Ris,Loyang East,60,60,110,150,180,170,120,110,140,160,180,210,180,140,80,50,30,20,10,0,0,0,0,920,1210,30,2160,1.3676,103.9726,230,330,1270,330
Pasir Ris,Loyang West,0,0,0,0,0,0,0,0,0,0,0,10,10,10,20,30,50,30,30,0,0,0,0,0,0,190,190,1.3765,103.9715,0,0,20,170
Pasir Ris,Pasir Ris Central,1790,1680,1640,1990,2540,2570,2570,2410,2200,2370,2720,2790,1950,1230,740,450,310,160,90,630,920,6900,13980,9380,380,10,32200,1.3723,103.9462,5110,4530,19580,2980
Pasir Ris,Pasir Ris Drive,1740,2070,2720,3740,5420,5590,3030,2840,3050,3610,5210,5630,4130,2810,1610,910,590,360,180,820,0,22190,30510,1720,0,0,55240,1.3679,103.9596,6530,9160,33090,6460
Pasir Ris,Pasir Ris Park,500,570,500,510,430,360,550,770,880,760,620,450,230,170,110,60,30,10,10,0,0,0,0,7250,250,20,7520,1.3811,103.9571,1570,940,4620,390
Pasir Ris,Pasir Ris Wafer Fab Park,0,0,0,0,0,0,0,0,0,0,0,0,0,0,0,0,0,0,0,0,0,0,0,0,0,0,0,1.3885,103.9275,0,0,0,0
Pasir Ris,Pasir Ris West,1280,1610,2050,2740,3530,3050,1860,2110,2460,2910,3830,3230,2140,1350,790,500,340,200,100,0,0,10450,17600,5960,2070,0,36080,1.3798,103.9411,4940,6270,21590,3280
Paya Lebar,Airport Road,0,0,0,0,0,0,0,0,0,0,0,0,0,0,0,0,0,0,0,0,0,0,0,0,0,0,0,1.3512,103.8971,0,0,0,0
Paya Lebar,Paya Lebar East,0,0,0,0,0,0,0,0,0,0,0,0,0,0,0,0,0,0,0,0,0,0,0,0,0,0,0,1.3559,103.9245,0,0,0,0
Paya Lebar,Paya Lebar North,0,0,0,0,0,0,0,0,0,0,0,0,0,0,0,0,0,0,0,0,0,0,0,0,0,0,0,1.3732,103.9255,0,0,0,0
Paya Lebar,Paya Lebar West,0,0,0,0,0,0,0,0,0,0,0,0,0,0,0,0,0,0,0,0,0,0,0,0,0,0,0,1.3726,103.9103,0,0,0,0
Paya Lebar,Plab,0,0,0,0,0,0,0,0,0,0,0,0,0,0,0,0,0,0,0,0,0,0,0,0,0,0,0,1.3594,103.9123,0,0,0,0
Pioneer,Benoi Sector,0,0,0,0,0,0,0,0,0,0,0,0,0,0,0,0,0,0,0,0,0,0,0,0,0,0,0,1.3172,103.6875,0,0,0,0
Pioneer,Gul Basin,0,0,0,0,0,0,0,0,0,0,0,0,0,0,0,0,0,0,0,0,0,0,0,0,0,0,0,1.3021,103.6774,0,0,0,0
Pioneer,Gul Circle,0,0,0,0,0,0,0,0,0,0,0,0,0,0,0,0,0,0,0,0,0,0,0,0,0,0,0,1.3151,103.6676,0,0,0,0
Pioneer,Joo Koon,0,0,0,0,0,0,0,0,0,0,0,0,0,0,0,0,0,0,0,0,0,0,0,0,0,0,0,1.3265,103.6813,0,0,0,0
Pioneer,Pioneer Sector,0,0,0,0,0,0,0,0,0,0,0,0,0,0,0,0,0,0,0,0,0,0,0,0,0,0,0,1.3005,103.6606,0,0,0,0
Punggol,Coney Island,0,0,0,0,0,0,0,0,0,0,0,0,0,0,0,0,0,0,0,0,0,0,0,0,0,0,0,1.4087,103.9217,0,0,0,0
Punggol,Matilda,5680,4700,2810,2120,1700,2800,6040,7320,4760,3490,2420,2050,1680,1450,960,530,270,130,70,3760,5510,20250,11980,9490,0,-10,50980,1.4023,103.8965,13190,3820,30560,3410
Punggol,Northshore,10,10,10,20,30,30,10,10,20,30,30,20,20,10,10,10,10,10,0,0,0,0,0,0,280,20,300,1.4153,103.9048,30,50,170,50
Punggol,Punggol Canal,0,0,0,0,0,0,0,0,0,0,0,0,0,0,0,0,0,0,0,0,0,0,0,0,0,0,0,1.4071,103.9161,0,0,0,0
Punggol,Punggol Field,2660,3500,3950,3250,2550,2480,2930,4310,5240,4870,3270,2900,2390,1820,1220,690,430,210,120,970,370,13440,28370,5400,0,240,48790,1.3944,103.9124,10110,5800,28390,4490
Punggol,Punggol Town Centre,2760,1930,1040,710,560,1100,3180,3140,1850,1270,880,710,560,470,330,170,100,60,30,1210,3270,10970,4300,1090,0,10,20850,1.4087,103.9015,5730,1270,12690,1160
Punggol,Waterway East,5740,4570,3000,2050,1520,2440,6460,7000,4760,3320,2270,1850,1510,1350,900,490,270,140,70,3020,5010,24500,11390,5770,0,20,49710,1.4019,103.9137,13310,3570,29610,3220
Queenstown,Commonwealth,190,200,270,270,310,410,430,460,470,610,580,610,550,470,400,360,300,180,80,1640,5230,260,0,0,0,20,7150,1.3043,103.7998,660,580,4120,1790
Queenstown,Dover,370,570,660,620,650,640,540,730,910,960,880,810,720,620,590,370,290,130,60,390,2120,3050,2800,2500,50,210,11120,1.3036,103.7796,1600,1270,6190,2060
Queenstown,Ghim Moh,850,590,540,500,610,830,1370,1060,890,900,820,830,840,820,860,630,460,250,120,2100,4900,4580,2160,0,0,30,13770,1.3117,103.7879,1980,1110,7540,3140
Queenstown,Holland Drive,400,360,390,500,550,820,810,790,920,1090,980,940,880,890,860,740,550,260,160,520,5640,4290,2380,0,10,50,12890,1.3083,103.7949,1150,1050,7230,3460
Queenstown,Kent Ridge,0,0,0,0,0,0,0,0,0,0,0,0,0,0,0,0,0,0,0,0,0,0,0,0,0,0,0,1.286,103.7917,0,0,0,0
Queenstown,Margaret Drive,1180,1140,730,570,550,790,1440,1920,1480,1050,850,800,710,740,540,400,320,180,120,370,1100,9530,3460,760,10,280,15510,1.2994,103.8054,3050,1120,9040,2300
Queenstown,Mei Chin,440,560,720,820,950,1080,910,890,1040,1180,1300,1320,1210,970,690,570,480,290,150,1630,5190,2710,2690,2990,220,140,15570,1.294,103.8028,1720,1770,8930,3150
Queenstown,National University Of S'pore,10,20,10,10,150,30,20,10,10,20,10,20,10,0,0,0,0,0,0,0,0,0,0,0,0,330,330,1.2969,103.7767,40,160,130,0
Queenstown,One North,40,60,50,30,20,30,50,90,90,90,70,40,20,10,20,0,0,0,0,0,0,0,0,600,80,30,710,1.2988,103.7904,150,50,480,30
Queenstown,Pasir Panjang 1,160,190,240,250,280,350,300,360,390,410,340,310,290,220,160,90,50,30,10,0,0,0,0,2960,1400,70,4430,1.2859,103.7825,590,530,2750,560
Queenstown,Pasir Panjang 2,100,120,140,160,210,240,170,180,230,210,240,240,250,280,140,80,40,10,20,0,0,0,0,1410,1580,70,3060,1.2775,103.7955,360,370,1760,570
Queenstown,Port,0,0,0,10,10,20,10,10,0,0,0,20,10,10,10,0,0,0,0,0,0,0,0,0,90,20,110,1.2781,103.7654,0,20,70,20
Queenstown,Queensway,10,10,10,10,20,20,20,30,20,40,30,30,20,20,20,10,0,0,0,0,0,0,0,260,20,40,320,1.2886,103.7984,30,30,210,50
Queenstown,Singapore Polytechnic,10,10,10,10,10,0,10,10,10,10,10,10,10,10,0,0,0,0,0,0,0,0,0,0,0,130,130,1.3123,103.7768,30,20,70,10
Queenstown,Tanglin Halt,420,420,420,420,440,670,750,810,890,920,800,840,770,720,670,500,410,260,120,1290,6050,3090,650,0,0,170,11250,1.302,103.7966,1260,860,6450,2680
River Valley,Institution Hill,220,250,210,140,140,170,220,380,430,360,240,180,150,160,110,60,40,20,10,0,0,0,0,3440,30,20,3490,1.2936,103.8376,680,280,2130,400
River Valley,Leonie Hill,120,160,160,180,140,180,180,250,300,390,280,210,180,120,100,40,20,20,10,0,0,0,0,2980,30,30,3040,1.298,103.8343,440,320,1970,310
River Valley,One Tree Hill,80,100,100,110,120,110,100,140,160,190,190,170,150,110,90,50,40,20,20,0,0,0,0,1530,510,10,2050,1.3019,103.8265,280,230,1210,330
River Valley,Oxley,60,60,70,70,50,90,100,100,140,130,110,110,80,80,80,60,40,10,30,0,0,0,0,1310,120,40,1470,1.2968,103.8405,190,120,860,300
River Valley,Paterson,10,10,10,10,10,10,10,30,30,30,20,20,10,10,0,0,0,0,0,0,0,0,0,220,10,-10,220,1.3016,103.8315,30,20,160,10
Rochor,Bencoolen,40,40,40,40,60,70,90,80,90,110,110,120,110,100,70,50,30,30,20,40,780,120,0,270,0,90,1300,1.3017,103.8514,120,100,780,300
Rochor,Farrer Park,80,100,140,120,120,150,170,220,250,240,210,180,210,190,130,90,60,30,40,0,280,1770,410,80,20,170,2730,1.3092,103.8521,320,240,1630,540
Rochor,Kampong Glam,0,0,0,0,10,10,10,10,10,10,10,10,10,10,0,0,0,10,20,0,0,0,0,20,0,110,130,1.3024,103.8596,0,10,80,40
Rochor,Little India,80,90,120,150,180,220,200,190,260,260,250,270,280,270,200,160,100,60,50,0,1260,1520,270,40,40,260,3390,1.3068,103.8542,290,330,1930,840
Rochor,Mackenzie,0,10,0,10,0,10,10,20,10,10,10,0,0,0,0,0,0,0,0,0,0,0,0,90,0,0,90,1.3062,103.8484,10,10,70,0
Rochor,Mount Emily,70,80,80,50,40,100,170,220,220,170,100,70,70,50,20,10,10,10,10,0,0,0,0,1450,60,40,1550,1.3025,103.8474,230,90,1120,110
Rochor,Rochor Canal,0,0,0,0,0,0,0,0,0,0,0,0,0,0,0,0,0,0,0,0,0,0,0,0,0,0,0,1.304,103.8575,0,0,0,0
Rochor,Selegie,10,0,10,10,10,20,10,20,40,10,20,20,10,20,10,0,10,10,10,0,0,0,0,200,30,20,250,1.3024,103.8496,20,20,150,60
Rochor,Sungei Road,70,80,80,100,120,120,110,120,110,150,150,170,160,160,140,120,60,40,10,680,960,360,30,0,0,40,2070,1.3057,103.8567,230,220,1090,530
Rochor,Victoria,40,40,40,40,80,100,130,120,140,130,130,170,180,170,150,100,70,40,30,0,1110,520,40,180,0,50,1900,1.2999,103.8532,120,120,1100,560
Seletar,Pulau Punggol Barat,0,0,0,0,0,0,0,0,0,0,0,0,0,0,0,0,0,0,0,0,0,0,0,0,0,0,0,1.4246,103.8792,0,0,0,0
Seletar,Pulau Punggol Timor,0,0,0,0,0,0,0,0,0,0,0,0,0,0,0,0,0,0,0,0,0,0,0,0,0,0,0,1.4195,103.891,0,0,0,0
Seletar,Seletar,10,10,20,20,20,0,10,10,20,50,30,20,10,10,10,0,0,0,0,0,0,0,0,0,260,-10,250,1.4099,103.8836,40,40,150,20
Seletar,Seletar Aerospace Park,0,0,0,0,0,0,0,0,0,0,0,0,0,0,0,0,0,0,0,0,0,0,0,0,0,0,0,1.413,103.8681,0,0,0,0
Sembawang,Admiralty,790,910,980,900,760,840,1090,1230,1290,1240,990,950,760,530,320,230,150,90,30,1110,800,5930,6200,0,0,40,14080,1.4522,103.8252,2680,1660,8390,1350
Sembawang,Sembawang Central,1740,1930,2140,2260,2120,2590,2620,2790,2960,3080,2560,2430,1980,1250,680,440,300,170,80,1360,580,11650,16410,3900,0,220,34120,1.4469,103.8174,5810,4380,21010,2920
Sembawang,Sembawang East,1300,570,580,540,620,1550,1750,970,850,770,710,540,350,260,140,110,60,40,10,1620,1930,5310,2770,0,80,10,11720,1.4478,103.831,2450,1160,7490,620
Sembawang,Sembawang North,1190,1620,1820,1820,1530,1530,1680,2290,2350,2370,1930,1810,1520,1050,590,350,200,110,50,1040,250,11460,12910,0,0,150,25810,1.4556,103.8162,4630,3350,15480,2350
Sembawang,Sembawang Springs,470,530,620,560,430,550,800,790,820,770,600,440,290,260,180,160,110,70,70,0,0,0,0,6170,1920,430,8520,1.4415,103.8243,1620,990,5060,850
Sembawang,Sembawang Straits,60,110,100,130,140,130,70,90,130,150,150,150,120,70,60,40,30,10,10,0,0,0,0,10,1720,20,1750,1.4582,103.8365,270,270,990,220
Sembawang,Senoko North,0,0,0,0,0,0,0,0,0,0,0,0,0,0,0,0,0,0,0,0,0,0,0,0,0,0,0,1.4628,103.8016,0,0,0,0
Sembawang,Senoko South,0,0,0,0,0,0,0,0,0,0,0,0,0,0,0,0,0,0,0,0,0,0,0,0,0,0,0,1.4535,103.8071,0,0,0,0
Sembawang,The Wharves,0,0,0,0,0,0,0,0,0,0,0,0,0,0,0,0,0,0,0,0,0,0,0,0,0,0,0,1.4646,103.8297,0,0,0,0
Sengkang,Anchorvale,3970,3680,3190,2500,1870,2540,4940,5060,4410,3860,2490,2330,2090,1550,1010,580,270,140,80,1660,1310,15910,22640,5030,0,10,46560,1.3938,103.888,10840,4370,27720,3630
Sengkang,Compassvale,1930,1860,1400,830,650,1010,2230,2860,2540,1480,970,860,850,700,490,280,150,60,30,560,420,12960,2590,4630,0,20,21180,1.3857,103.8901,5190,1480,12800,1710
Sengkang,Fernvale,5160,4940,3480,2570,2110,2570,5710,6980,5350,3960,3000,2580,2170,1750,1190,740,440,270,160,2810,6710,26520,10070,7420,1050,550,55130,1.3947,103.8765,13580,4680,32320,4550
Sengkang,Lorong Halus North,0,0,0,0,0,0,0,0,0,0,0,0,0,0,0,0,0,0,0,0,0,0,0,0,0,0,0,1.3809,103.9105,0,0,0,0
Sengkang,Rivervale,2670,3210,3720,4000,4170,4020,4110,4420,4760,5210,4600,4700,4140,2820,1710,920,540,280,170,1670,970,21010,28200,8060,250,10,60170,1.3878,103.9073,9600,8170,35960,6440
Sengkang,Sengkang Town Centre,3640,3560,3570,3670,3880,4250,5450,5530,4890,4880,4470,4210,3740,2490,1480,890,560,280,190,430,1530,23240,32190,3740,230,270,61630,1.3914,103.8972,10770,7550,37420,5890
Sengkang,Sengkang West,0,0,0,0,0,0,0,0,0,0,0,0,0,0,0,0,0,0,0,0,0,0,0,0,0,0,0,1.3943,103.8635,0,0,0,0
Serangoon,Lorong Chuan,290,370,480,580,640,640,460,440,550,690,710,720,620,430,300,190,180,90,70,0,0,0,0,4190,4170,90,8450,1.3492,103.8624,1140,1220,4830,1260
Serangoon,Seletar Hills,460,600,740,870,1090,1130,800,710,890,1050,1050,1180,1120,950,640,440,280,150,90,0,0,0,0,1950,12250,40,14240,1.3838,103.8676,1800,1960,7930,2550
Serangoon,Serangoon Central,710,780,950,1230,1380,2090,1940,1570,1480,1830,1700,2110,2380,1860,1300,720,500,250,140,0,3930,10690,4970,3950,1240,140,24920,1.3532,103.8706,2440,2610,15100,4770
Serangoon,Serangoon Garden,1000,1220,1590,1900,2350,2670,2260,2000,2240,2590,2610,2950,3250,2870,1940,1230,880,530,330,1220,4590,9990,4050,1120,14880,560,36410,1.3631,103.8664,3810,4250,20570,7780
Serangoon,Serangoon North,520,620,850,1020,1340,1410,960,1000,970,1160,1410,1450,1320,960,530,300,180,110,40,0,0,6480,9660,0,0,10,16150,1.3745,103.8727,1990,2360,9680,2120
Serangoon,Serangoon North Ind Estate,0,0,0,0,0,0,0,0,0,0,0,0,0,0,0,0,0,0,0,0,0,0,0,0,0,0,0,1.374,103.8638,0,0,0,0
Serangoon,Upper Paya Lebar,540,710,700,780,950,1450,1250,1020,1090,1080,1130,1260,1370,1060,760,460,290,160,90,330,1490,4830,2530,4020,2850,100,16150,1.3467,103.8762,1950,1730,9650,2820
Simpang,Pulau Seletar,0,0,0,0,0,0,0,0,0,0,0,0,0,0,0,0,0,0,0,0,0,0,0,0,0,0,0,1.444,103.8645,0,0,0,0
Simpang,Simpang North,0,0,0,0,0,0,0,0,0,0,0,0,0,0,0,0,0,0,0,0,0,0,0,0,0,0,0,1.4479,103.846,0,0,0,0
Simpang,Simpang South,0,0,0,0,0,0,0,0,0,0,0,0,0,0,0,0,0,0,0,0,0,0,0,0,0,0,0,1.4342,103.8555,0,0,0,0
Simpang,Tanjong Irau,0,0,0,0,0,0,0,0,0,0,0,0,0,0,0,0,0,0,0,0,0,0,0,0,0,0,0,1.4545,103.8523,0,0,0,0
Singapore River,Boat Quay,0,10,0,0,0,0,0,10,10,10,10,10,10,10,10,10,0,0,0,0,0,0,0,90,0,10,100,1.2877,103.8482,10,0,60,30
Singapore River,Clarke Quay,10,0,0,10,0,10,20,20,10,20,10,10,0,0,0,0,0,0,10,0,0,0,0,50,0,80,130,1.2898,103.8449,10,10,100,10
Singapore River,Robertson Quay,220,200,160,110,80,110,170,320,400,350,210,160,120,80,70,40,20,10,10,0,0,0,0,2810,0,30,2840,1.2916,103.8361,580,190,1840,230
Southern Islands,Sentosa,130,120,110,90,90,70,80,160,180,240,180,180,120,60,30,20,10,0,0,0,0,0,0,1220,640,10,1870,1.2489,103.8343,360,180,1210,120
Southern Islands,Southern Group,0,0,0,0,0,0,0,0,0,0,0,0,0,0,0,0,0,0,0,0,0,0,0,0,0,0,0,1.2229,103.8548,0,0,0,0
Straits View,Straits View,0,0,0,0,0,0,0,0,0,0,0,0,0,0,0,0,0,0,0,0,0,0,0,0,0,0,0,1.2714,103.8593,0,0,0,0
Sungei Kadut,Gali Batu,0,0,0,0,0,0,0,0,0,0,0,0,0,0,0,0,0,0,0,0,0,0,0,0,0,0,0,1.4004,103.7629,0,0,0,0
Sungei Kadut,Kranji,0,0,0,0,0,0,0,0,0,0,0,0,0,0,0,0,0,0,0,0,0,0,0,0,0,0,0,1.4334,103.7605,0,0,0,0
Sungei Kadut,Pang Sua,0,0,0,0,0,0,0,0,0,0,0,0,0,0,0,0,0,0,0,0,0,0,0,0,0,0,0,1.4124,103.7483,0,0,0,0
Sungei Kadut,Reservoir View,0,0,0,0,0,0,0,0,0,0,0,0,0,0,0,0,0,0,0,0,0,0,0,0,0,0,0,1.431,103.7474,0,0,0,0
Sungei Kadut,Turf Club,20,30,20,40,50,60,40,40,40,50,50,50,50,40,40,30,30,10,10,0,0,0,0,0,700,0,700,1.4201,103.7623,70,90,380,160
Tampines,Simei,1480,1740,2000,2240,2800,3340,2490,2780,2920,3070,3000,3510,3120,2340,1410,780,520,300,210,0,180,11650,11730,12120,4080,290,40050,1.3402,103.9532,5220,5040,24230,5560
Tampines,Tampines East,5690,5480,6060,7160,9840,11190,9570,9070,8130,8670,10340,11600,11160,8110,4810,2680,1770,960,530,4300,23570,51370,47940,5230,0,410,132820,1.3535,103.9527,17230,17000,79730,18860
Tampines,Tampines North,300,160,80,60,80,330,420,220,130,110,130,70,80,70,70,50,50,30,20,60,630,1040,560,0,0,170,2460,1.3682,103.9376,540,140,1490,290
Tampines,Tampines West,3790,3740,3850,4390,5670,6390,6140,5760,5320,5440,5800,6570,6380,4610,2680,1440,930,520,270,2210,9740,34890,24250,8370,0,230,79690,1.3483,103.9337,11380,10060,47800,10450
Tampines,Xilin,40,60,70,120,180,160,100,70,90,110,160,230,170,90,50,20,20,10,0,0,0,0,0,1180,490,80,1750,1.3315,103.9686,170,300,1090,190
Tanglin,Chatsworth,350,430,410,280,250,310,420,610,760,740,550,410,330,310,250,150,90,50,30,0,0,0,0,5630,1010,90,6730,1.2983,103.8235,1190,530,4130,880
Tanglin,Nassim,520,830,620,530,460,440,480,710,920,910,750,640,550,480,350,210,120,80,70,0,0,0,0,7990,1630,50,9670,1.3136,103.8239,1970,990,5400,1310
Tanglin,Ridout,70,80,80,70,70,80,90,100,120,110,110,110,100,90,80,30,30,20,20,0,0,0,0,600,820,40,1460,1.3038,103.8127,230,140,820,270
Tanglin,Tyersall,160,240,230,210,200,210,200,220,290,350,330,310,230,210,150,100,70,40,20,0,40,190,260,2430,850,0,3770,1.3149,103.8111,630,410,2140,590
Tengah,Tengah,0,0,0,0,0,0,0,0,0,0,0,0,0,0,0,0,0,0,0,0,0,0,0,0,0,0,0,1.3622,103.7252,0,0,0,0
Toa Payoh,Bidadari,0,0,0,0,0,0,0,0,0,0,0,0,0,0,0,0,0,0,0,0,0,0,0,0,0,0,0,1.3411,103.8756,0,0,0,0
Toa Payoh,Boon Teck,510,510,580,720,770,1000,890,780,790,990,1030,1220,1160,910,800,630,470,280,150,4520,4010,1910,3490,0,0,260,14190,1.3355,103.8534,1600,1490,7860,3240
Toa Payoh,Braddell,360,410,460,460,600,690,590,630,660,740,760,760,740,650,490,380,290,160,100,1440,2760,1890,2540,1250,0,50,9930,1.3402,103.85,1230,1060,5570,2070
Toa Payoh,Joo Seng,350,370,410,340,410,560,690,630,640,660,560,560,570,470,350,230,180,100,70,0,1060,2030,1800,1740,1370,150,8150,1.3366,103.8827,1130,750,4870,1400
Toa Payoh,Kim Keat,210,270,300,340,460,650,480,480,510,620,580,690,760,570,470,330,220,110,60,290,3180,2550,2000,0,0,90,8110,1.3317,103.8585,780,800,4770,1760
Toa Payoh,Lorong 8 Toa Payoh,170,210,270,340,430,490,380,400,480,550,550,640,590,570,420,380,260,150,70,410,2090,2930,1850,0,0,70,7350,1.3408,103.8573,650,770,4080,1850
Toa Payoh,Pei Chun,290,380,490,550,570,590,520,600,750,920,910,860,840,680,570,480,330,160,90,400,5220,2770,2110,0,0,80,10580,1.337,103.8584,1160,1120,5990,2310
Toa Payoh,Potong Pasir,370,470,440,550,510,740,800,830,890,910,860,870,1010,970,670,410,230,130,50,0,4870,3760,1090,1790,50,150,11710,1.3334,103.866,1280,1060,6910,2460
Toa Payoh,Sennett,210,240,280,290,300,380,400,400,400,400,330,370,410,340,260,190,120,100,80,0,0,0,0,1260,4020,220,5500,1.3337,103.8741,730,590,3090,1090
Toa Payoh,Toa Payoh Central,1120,1530,1340,1350,1530,1800,1680,2200,2400,2370,2130,2060,1870,1500,1200,990,710,380,210,2440,4790,10940,7850,2170,0,180,28370,1.333,103.8449,3990,2880,16510,4990
Toa Payoh,Toa Payoh West,560,490,520,560,640,920,1120,960,1040,1080,1040,1110,1060,970,840,660,530,260,120,540,7380,2220,580,3610,0,150,14480,1.3394,103.842,1570,1200,8330,3380
Toa Payoh,Woodleigh,100,130,170,160,140,190,140,190,200,230,180,170,160,120,70,30,20,10,10,0,0,0,0,2120,250,50,2420,1.3396,103.8663,400,300,1460,260
Tuas,Tengeh,0,0,0,0,0,0,0,0,0,0,0,0,0,0,0,0,0,0,0,0,0,0,0,0,0,0,0,1.3376,103.6506,0,0,0,0
Tuas,Tuas Bay,0,0,0,0,0,0,0,0,0,0,0,0,0,0,0,0,0,0,0,0,0,0,0,0,0,0,0,1.3181,103.6438,0,0,0,0
Tuas,Tuas North,0,0,0,0,0,0,0,0,0,0,0,0,0,0,0,0,0,0,0,0,0,0,0,0,0,0,0,1.328,103.6499,0,0,0,0
Tuas,Tuas Promenade,0,0,0,0,0,0,0,0,0,0,0,0,0,0,0,0,0,0,0,0,0,0,0,0,0,0,0,1.3301,103.6346,0,0,0,0
Tuas,Tuas View,0,0,0,0,0,0,0,0,0,0,0,0,0,0,0,0,0,0,0,0,0,0,0,0,0,0,0,1.305,103.6333,0,0,0,0
Tuas,Tuas View Extension,0,0,0,0,0,0,0,0,0,0,0,0,0,0,0,0,0,0,0,0,0,0,0,0,0,0,0,1.2579,103.6135,0,0,0,0
Western Islands,Jurong Island And Bukom,0,0,0,0,0,0,0,0,0,0,0,0,0,0,0,0,0,0,0,0,0,0,0,0,0,0,0,1.26,103.6702,0,0,0,0
Western Islands,Semakau,0,0,0,0,0,0,0,0,0,0,0,0,0,0,0,0,0,0,0,0,0,0,0,0,0,0,0,1.2028,103.7725,0,0,0,0
Western Islands,Sudong,0,0,0,0,0,0,0,0,0,0,0,0,0,0,0,0,0,0,0,0,0,0,0,0,0,0,0,1.208,103.7192,0,0,0,0
Western Water Catchment,Western Water Catchment,30,40,30,30,140,40,30,70,70,40,50,60,40,10,0,10,0,0,0,0,0,0,0,0,0,690,690,1.3808,103.6956,100,170,400,20
Woodlands,Greenwood Park,0,0,0,0,0,0,0,0,0,0,0,0,0,0,0,0,0,0,0,0,0,0,0,0,0,0,0,1.4466,103.7851,0,0,0,0
Woodlands,Midview,1650,1650,1950,2780,3530,3060,2530,2290,2090,2740,3410,2840,2000,1290,710,470,290,150,100,1200,1020,15520,17590,0,0,200,35530,1.4399,103.7914,5250,6310,20960,3010
Woodlands,North Coast,320,360,510,720,990,1020,690,680,730,870,1120,1200,1010,820,590,370,230,100,40,130,4780,5400,2020,0,10,30,12370,1.4509,103.7768,1190,1710,7320,2150
Woodlands,Senoko West,0,0,0,0,0,0,0,0,0,0,0,0,0,0,0,0,0,0,0,0,0,0,0,0,0,0,0,1.4514,103.7965,0,0,0,0
Woodlands,Woodgrove,1030,1370,1810,2500,3460,3060,2020,2000,2280,2740,3430,2830,2310,1410,810,460,320,160,120,220,1990,12560,13400,4930,710,310,34120,1.4283,103.7784,4210,5960,20670,3280
Woodlands,Woodlands East,5000,5380,6150,7270,7850,7540,7310,7340,7680,8620,8140,7310,5360,3400,1910,1070,660,350,170,2810,2080,47100,41820,4490,0,210,98510,1.4413,103.8033,16530,15120,59300,7560
Woodlands,Woodlands Regional Centre,0,0,0,0,0,0,0,0,0,0,0,0,0,0,0,0,0,0,0,0,0,0,0,0,0,0,0,1.439,103.785,0,0,0,0
Woodlands,Woodlands South,2190,2730,2950,3110,2920,2590,2950,3610,3540,3630,3110,2500,1940,1460,870,470,280,140,50,1800,1010,13020,17890,7290,0,30,41040,1.4289,103.7938,7870,6030,23870,3270
Woodlands,Woodlands West,1390,1330,1520,1900,2650,2930,2350,2010,1950,2280,2800,2970,2610,1780,1170,730,470,230,90,3750,8870,11010,9290,0,0,240,33160,1.4391,103.775,4240,4550,19900,4470
Yishun,Khatib,320,320,410,480,670,960,780,620,590,700,800,1090,970,770,440,240,150,80,30,220,2100,4150,3910,0,0,40,10420,1.4181,103.829,1050,1150,6510,1710
Yishun,Lower Seletar,2180,1530,1080,910,700,1410,2610,2090,1340,1180,820,680,460,340,220,100,90,40,30,1210,1890,5510,3790,4340,1060,10,17810,1.4109,103.8472,4790,1610,10590,820
Yishun,Nee Soon,30,60,50,60,50,60,50,50,60,90,80,100,60,40,30,30,10,10,10,0,0,0,0,440,450,40,930,1.4044,103.8147,140,110,550,130
Yishun,Northland,980,1080,1390,1650,1960,2410,1940,1910,1940,2070,2250,2680,2390,1690,990,580,350,150,80,970,6530,15170,5730,0,0,90,28490,1.4379,103.8393,3450,3610,17590,3840
Yishun,Springleaf,130,190,240,300,330,400,240,180,260,330,300,380,320,280,230,100,70,30,20,0,0,0,0,130,4180,20,4330,1.403,103.8227,560,630,2410,730
Yishun,Yishun Central,60,90,100,90,140,180,150,160,160,140,150,190,150,120,70,40,20,10,10,0,0,720,600,700,0,10,2030,1.4267,103.8379,250,230,1280,270
Yishun,Yishun East,4610,4280,3120,3020,3270,4110,5820,6290,4660,3950,3880,4020,3270,2410,1390,750,450,220,110,3470,7270,32030,13250,3580,0,30,59630,1.4279,103.8476,12010,6290,36000,5330
Yishun,Yishun South,1850,1650,1960,2150,2570,3920,3470,2880,2790,3010,3100,3720,3190,2410,1520,900,530,270,170,950,4530,20120,13340,2890,0,230,42060,1.4186,103.8386,5460,4720,26080,5800
Yishun,Yishun West,1890,2080,2580,2990,3440,3970,3620,3750,3950,4270,4510,4870,4480,3410,2070,1360,810,420,230,1250,18290,22560,5960,6090,0,550,54700,1.4325,103.8309,6550,6430,33420,8300
